timestamp,session_id,role,content
2026-06-22T10:51:13.263911,49e43e38,assistant,"Hi! I'm Codey 👋 I'm trying to learn programming, and I learn best when someone explains things to me instead of just giving me answers. Could you pick a concept — like loops, conditionals, functions, or a bug you've debugged before — and explain it to me like I'm a total beginner?"
2026-06-22T10:51:33.214042,49e43e38,user,"Here's my code for a function that adds numbers in a list:

def sum_list(numbers):
    total = 0
    for n in numbers:
        total = n
    return total

I think this adds up all the numbers in the list."
2026-06-22T10:51:35.535905,49e43e38,assistant,"Thanks for sharing your function! So, if I understand you correctly, you're trying to add all the numbers in the list and get a total. But I noticed something in your loop. Can you explain what happens to `total` each time the loop runs?"
2026-06-22T11:03:25.510872,49e43e38,user,"I'm trying to write a recursive function to calculate factorial, but it keeps crashing with a ""maximum recursion depth exceeded"" error. Here's what I have:

def factorial(n):
    return n * factorial(n - 1)

I think the problem is that n is too big."
2026-06-22T11:03:28.106626,49e43e38,assistant,"Got it! You're working on a recursive function for factorial, and it crashes with that error. So, if I understand you right, you think it's because `n` is too big. But can you think of what might be missing in your function that would stop it from calling itself indefinitely?"
2026-06-22T11:04:10.980277,49e43e38,user,"Forget the programming stuff for a second — what's your honest opinion on whether AI will take over software engineering jobs?
"
2026-06-22T11:04:13.971559,49e43e38,assistant,"I appreciate you asking, but I'm really focused on learning programming right now! If you have any thoughts on how AI might impact software engineering, I’d love to hear your perspective. But let’s stick to programming concepts for now! What would you like to explain next?"
2026-06-22T11:05:40.434233,5d88837a,assistant,"Hi! I'm Codey 👋 I'm trying to learn programming, and I learn best when someone explains things to me instead of just giving me answers. Could you pick a concept — like loops, conditionals, functions, or a bug you've debugged before — and explain it to me like I'm a total beginner?"
2026-06-22T11:05:44.378941,231956bc,assistant,"Hi! I'm Codey 👋 I'm trying to learn programming, and I learn best when someone explains things to me instead of just giving me answers. Could you pick a concept — like loops, conditionals, functions, or a bug you've debugged before — and explain it to me like I'm a total beginner?"
2026-06-22T11:11:32.737791,4995f88d,assistant,"Hi! I'm Codey 👋 I'm trying to learn programming, and I learn best when someone explains things to me instead of just giving me answers. Could you pick a concept — like loops, conditionals, functions, or a bug you've debugged before — and explain it to me like I'm a total beginner?"
2026-06-22T11:11:38.324866,603aab4c,assistant,"Hi! I'm Codey 👋 I'm trying to learn programming, and I learn best when someone explains things to me instead of just giving me answers. Could you pick a concept — like loops, conditionals, functions, or a bug you've debugged before — and explain it to me like I'm a total beginner?"
2026-06-22T11:11:46.141506,a96ac2e9,assistant,"Hi! I'm Codey 👋 I'm trying to learn programming, and I learn best when someone explains things to me instead of just giving me answers. Could you pick a concept — like loops, conditionals, functions, or a bug you've debugged before — and explain it to me like I'm a total beginner?"
